{"cameraMode":{"drawMode":0,"name":"Shaded","section":"Shading Mode"},"sceneLighting":true,"audioPlay":false,"sceneViewState":{"m_AlwaysRefresh":false,"showFog":true,"showSkybox":true,"showFlares":true,"showImageEffects":true,"showParticleSystems":true,"showVisualEffectGraphs":true,"m_FxEnabled":true},"in2DMode":false,"pivot":{"x":-9.568841934204102,"y":0.5677493810653687,"z":171.3680877685547},"rotation":{"x":-0.03538485988974571,"y":-0.6845523715019226,"z":0.033301547169685367,"w":-0.7273401618003845},"size":1.5403105020523072,"orthographic":false}